"controller","method","path","manifest_implemented","implemented_declared_file","rust_declared","rust_handler","rust_handler_file","rust_match_type","rust_auth_hint","rust_generic","nest_guard_hints","security_mismatch_hint","status"
"acceso/acceso.controller.ts","POST","/acceso/permiso-area","False","True","True","acceso_permiso_area_create","D:\planificacion\rustsistema\backendrust\src\handlers\clarity_extra.rs","exact","json","False","","False","declared_untracked"
"acceso/acceso.controller.ts","GET","/acceso/permiso-area/:carnetRecibe","False","True","True","acceso_permiso_area_por_carnet","D:\planificacion\rustsistema\backendrust\src\handlers\clarity_extra.rs","normalized","","False","","False","declared_untracked"
"acceso/acceso.controller.ts","GET","/acceso/permiso-area","False","True","True","acceso_permiso_area_list","D:\planificacion\rustsistema\backendrust\src\handlers\clarity_extra.rs","exact","","False","","False","declared_untracked"
"acceso/acceso.controller.ts","DELETE","/acceso/permiso-area/:id","False","True","True","acceso_permiso_delete","D:\planificacion\rustsistema\backendrust\src\handlers\clarity_extra.rs","exact","","False","","False","declared_untracked"
"acceso/acceso.controller.ts","POST","/acceso/permiso-empleado","False","True","True","acceso_permiso_empleado_create","D:\planificacion\rustsistema\backendrust\src\handlers\clarity_extra.rs","exact","json","False","","False","declared_untracked"
"acceso/acceso.controller.ts","GET","/acceso/permiso-empleado/:carnetRecibe","False","True","True","acceso_permiso_empleado_por_carnet","D:\planificacion\rustsistema\backendrust\src\handlers\clarity_extra.rs","normalized","","False","","False","declared_untracked"
"acceso/acceso.controller.ts","GET","/acceso/permiso-empleado","False","True","True","acceso_permiso_empleado_list","D:\planificacion\rustsistema\backendrust\src\handlers\clarity_extra.rs","exact","","False","","False","declared_untracked"
"acceso/acceso.controller.ts","DELETE","/acceso/permiso-empleado/:id","False","True","True","acceso_permiso_delete","D:\planificacion\rustsistema\backendrust\src\handlers\clarity_extra.rs","exact","","False","","False","declared_untracked"
"acceso/acceso.controller.ts","POST","/acceso/delegacion","False","True","True","acceso_delegacion_create","D:\planificacion\rustsistema\backendrust\src\handlers\clarity_extra.rs","exact","auth-user, json","False","","False","declared_untracked"
"acceso/acceso.controller.ts","GET","/acceso/delegacion/delegado/:carnetDelegado","False","True","True","acceso_delegacion_delegado","D:\planificacion\rustsistema\backendrust\src\handlers\clarity_extra.rs","exact","","False","","False","declared_untracked"
"acceso/acceso.controller.ts","GET","/acceso/delegacion/delegante/:carnetDelegante","False","True","True","acceso_delegacion_delegante","D:\planificacion\rustsistema\backendrust\src\handlers\clarity_extra.rs","exact","","False","","False","declared_untracked"
"acceso/acceso.controller.ts","GET","/acceso/delegacion","False","True","True","acceso_delegacion_list","D:\planificacion\rustsistema\backendrust\src\handlers\clarity_extra.rs","exact","auth-user","False","","False","declared_untracked"
"acceso/acceso.controller.ts","DELETE","/acceso/delegacion/:id","True","True","True","acceso_delegacion_delete","D:\planificacion\rustsistema\backendrust\src\handlers\clarity_extra.rs","exact","","False","","False","manifest_real"
"acceso/acceso.controller.ts","GET","/acceso/empleado/:carnet","True","True","True","acceso_empleado_get","D:\planificacion\rustsistema\backendrust\src\handlers\acceso.rs","exact","","False","","False","manifest_real"
"acceso/acceso.controller.ts","GET","/acceso/empleados","True","True","True","acceso_empleados_list","D:\planificacion\rustsistema\backendrust\src\handlers\clarity_extra.rs","exact","","False","","False","manifest_real"
"acceso/acceso.controller.ts","GET","/acceso/empleados/gerencia/:nombre","False","True","True","acceso_empleados_gerencia","D:\planificacion\rustsistema\backendrust\src\handlers\clarity_extra.rs","exact","","False","","False","declared_untracked"
"acceso/acceso.controller.ts","GET","/acceso/empleados/buscar","True","True","True","acceso_empleados_buscar","D:\planificacion\rustsistema\backendrust\src\handlers\clarity_extra.rs","exact","query","False","","False","manifest_real"
"acceso/acceso.controller.ts","GET","/acceso/empleado/email/:correo","True","True","True","acceso_empleado_email","D:\planificacion\rustsistema\backendrust\src\handlers\clarity_extra.rs","exact","","False","","False","manifest_real"
"acceso/acceso.controller.ts","GET","/acceso/organizacion/buscar","True","True","True","acceso_organizacion_buscar","D:\planificacion\rustsistema\backendrust\src\handlers\clarity_extra.rs","exact","query","False","","False","manifest_real"
"acceso/acceso.controller.ts","GET","/acceso/organizacion/tree","True","True","True","acceso_organizacion_tree","D:\planificacion\rustsistema\backendrust\src\handlers\acceso.rs","exact","","False","","False","manifest_real"
"acceso/acceso.controller.ts","GET","/acceso/organizacion/nodo/:idOrg","False","True","True","acceso_organizacion_nodo","D:\planificacion\rustsistema\backendrust\src\handlers\clarity_extra.rs","exact","","False","","False","declared_untracked"
"acceso/acceso.controller.ts","GET","/acceso/organizacion/nodo/:idOrg/preview","False","True","True","acceso_organizacion_nodo_preview","D:\planificacion\rustsistema\backendrust\src\handlers\clarity_extra.rs","exact","","False","","False","declared_untracked"
"acceso/acceso.controller.ts","GET","/acceso/debug-raw-data","True","True","True","acceso_debug_raw_data","D:\planificacion\rustsistema\backendrust\src\handlers\acceso.rs","exact","","False","","False","manifest_real"
"acceso/visibilidad.controller.ts","GET","/visibilidad/:carnet","True","True","True","visibilidad_carnets","D:\planificacion\rustsistema\backendrust\src\handlers\clarity_extra.rs","exact","","False","","False","manifest_real"
"acceso/visibilidad.controller.ts","GET","/visibilidad/:carnet/empleados","True","True","True","visibilidad_empleados","D:\planificacion\rustsistema\backendrust\src\handlers\clarity_extra.rs","exact","","False","","False","manifest_real"
"acceso/visibilidad.controller.ts","GET","/visibilidad/:carnet/puede-ver/:carnetObjetivo","False","True","True","visibilidad_puede_ver","D:\planificacion\rustsistema\backendrust\src\handlers\clarity_extra.rs","exact","","False","","False","declared_untracked"
"acceso/visibilidad.controller.ts","GET","/visibilidad/organizacion/:idorg/subarbol","False","True","True","visibilidad_subarbol","D:\planificacion\rustsistema\backendrust\src\handlers\clarity_extra.rs","exact","","False","","False","declared_untracked"
"acceso/visibilidad.controller.ts","GET","/visibilidad/:carnet/actores","True","True","True","visibilidad_actores","D:\planificacion\rustsistema\backendrust\src\handlers\clarity_extra.rs","exact","","False","","False","manifest_real"
"acceso/visibilidad.controller.ts","GET","/visibilidad/:carnet/quien-puede-verme","False","True","True","visibilidad_quien_puede_verme","D:\planificacion\rustsistema\backendrust\src\handlers\clarity_extra.rs","exact","","False","","False","declared_untracked"
"admin/admin-security.controller.ts","GET","/admin/security/users-access","False","True","True","admin_security_users_access","D:\planificacion\rustsistema\backendrust\src\handlers\admin.rs","exact","admin-middleware","False","jwt","False","declared_untracked"
"admin/admin-security.controller.ts","POST","/admin/security/assign-menu","False","True","True","admin_security_assign_menu","D:\planificacion\rustsistema\backendrust\src\handlers\admin.rs","exact","admin-middleware","False","jwt","False","declared_untracked"
"admin/admin-security.controller.ts","DELETE","/admin/security/assign-menu/:id","False","True","True","admin_security_delete_assign_menu","D:\planificacion\rustsistema\backendrust\src\handlers\admin.rs","exact","admin-middleware","False","jwt","False","declared_untracked"
"admin/admin-security.controller.ts","GET","/admin/security/profiles","False","True","True","admin_security_profiles","D:\planificacion\rustsistema\backendrust\src\handlers\admin.rs","exact","admin-middleware","False","jwt","False","declared_untracked"
"admin/admin.controller.ts","GET","/admin/stats","False","True","True","admin_stats","D:\planificacion\rustsistema\backendrust\src\handlers\admin.rs","exact","admin-middleware","False","jwt, roles","False","declared_untracked"
"admin/admin.controller.ts","GET","/admin/usuarios","False","True","True","admin_usuarios","D:\planificacion\rustsistema\backendrust\src\handlers\admin.rs","exact","admin-middleware","False","jwt, roles","False","declared_untracked"
"admin/admin.controller.ts","PATCH","/admin/usuarios/:id/rol","False","True","True","admin_patch_usuario_rol","D:\planificacion\rustsistema\backendrust\src\handlers\admin.rs","exact","admin-middleware","False","jwt, roles","False","declared_untracked"
"admin/admin.controller.ts","POST","/admin/usuarios/:id/menu","False","True","True","admin_usuario_menu","D:\planificacion\rustsistema\backendrust\src\handlers\admin.rs","exact","admin-middleware","False","jwt, roles","False","declared_untracked"
"admin/admin.controller.ts","POST","/admin/usuarios","False","True","True","admin_create_usuario","D:\planificacion\rustsistema\backendrust\src\handlers\admin.rs","exact","admin-middleware","False","jwt, roles","False","declared_untracked"
"admin/admin.controller.ts","PATCH","/admin/usuarios/:id","False","True","True","admin_patch_usuario","D:\planificacion\rustsistema\backendrust\src\handlers\admin.rs","exact","admin-middleware","False","jwt, roles","False","declared_untracked"
"admin/admin.controller.ts","GET","/admin/usuarios/:id/visibilidad-efectiva","False","True","True","admin_visibilidad_efectiva","D:\planificacion\rustsistema\backendrust\src\handlers\admin.rs","exact","admin-middleware","False","jwt, roles","False","declared_untracked"
"admin/admin.controller.ts","GET","/admin/roles","False","True","True","admin_roles","D:\planificacion\rustsistema\backendrust\src\handlers\admin.rs","exact","admin-middleware","False","jwt, roles","False","declared_untracked"
"admin/admin.controller.ts","POST","/admin/roles","False","True","True","admin_create_role","D:\planificacion\rustsistema\backendrust\src\handlers\admin.rs","exact","admin-middleware","False","jwt, roles","False","declared_untracked"
"admin/admin.controller.ts","PATCH","/admin/roles/:id","False","True","True","admin_patch_role","D:\planificacion\rustsistema\backendrust\src\handlers\admin.rs","exact","admin-middleware","False","jwt, roles","False","declared_untracked"
"admin/admin.controller.ts","DELETE","/admin/roles/:id","False","True","True","admin_delete_role","D:\planificacion\rustsistema\backendrust\src\handlers\admin.rs","exact","admin-middleware","False","jwt, roles","False","declared_untracked"
"admin/admin.controller.ts","GET","/admin/logs","False","True","True","admin_logs","D:\planificacion\rustsistema\backendrust\src\handlers\admin.rs","exact","admin-middleware","False","jwt, roles","False","declared_untracked"
"admin/admin.controller.ts","GET","/admin/audit-logs","False","True","True","admin_audit_logs","D:\planificacion\rustsistema\backendrust\src\handlers\admin.rs","exact","admin-middleware","False","jwt, roles","False","declared_untracked"
"admin/admin.controller.ts","GET","/admin/organigrama","False","True","True","admin_organigrama","D:\planificacion\rustsistema\backendrust\src\handlers\admin.rs","exact","admin-middleware","False","jwt, roles","False","declared_untracked"
"admin/admin.controller.ts","POST","/admin/nodos","False","True","True","admin_create_nodo","D:\planificacion\rustsistema\backendrust\src\handlers\admin.rs","exact","admin-middleware","False","jwt, roles","False","declared_untracked"
"admin/admin.controller.ts","POST","/admin/usuarios-organizacion","False","True","True","admin_usuarios_organizacion","D:\planificacion\rustsistema\backendrust\src\handlers\admin.rs","exact","admin-middleware","False","jwt, roles","False","declared_untracked"
"admin/admin.controller.ts","GET","/admin/recycle-bin","False","True","True","admin_recycle_bin","D:\planificacion\rustsistema\backendrust\src\handlers\admin.rs","exact","admin-middleware","False","jwt, roles","False","declared_untracked"
"admin/admin.controller.ts","POST","/admin/recycle-bin/restore","False","True","True","admin_recycle_restore","D:\planificacion\rustsistema\backendrust\src\handlers\admin.rs","exact","admin-middleware","False","jwt, roles","False","declared_untracked"
"admin/admin.controller.ts","DELETE","/admin/usuarios/:id","False","True","True","admin_delete_usuario","D:\planificacion\rustsistema\backendrust\src\handlers\admin.rs","exact","admin-middleware","False","jwt, roles","False","declared_untracked"
"admin/admin.controller.ts","DELETE","/admin/usuarios-organizacion/:idUsuario/:idNodo","False","True","True","admin_delete_usuario_organizacion","D:\planificacion\rustsistema\backendrust\src\handlers\admin.rs","exact","admin-middleware","False","jwt, roles","False","declared_untracked"
"admin/admin.controller.ts","GET","/admin/usuarios-inactivos","False","True","True","admin_usuarios_inactivos","D:\planificacion\rustsistema\backendrust\src\handlers\admin.rs","exact","admin-middleware","False","jwt, roles","False","declared_untracked"
"admin/backup/backup.controller.ts","GET","/admin/backup/export","False","True","True","admin_backup_export","D:\planificacion\rustsistema\backendrust\src\handlers\admin.rs","exact","admin-middleware","False","admin, jwt","False","declared_untracked"
"admin/import.controller.ts","GET","/admin/import/template/empleados","False","True","True","admin_import_template_empleados","D:\planificacion\rustsistema\backendrust\src\handlers\admin.rs","exact","admin-middleware","False","admin","False","declared_untracked"
"admin/import.controller.ts","GET","/admin/import/template/organizacion","False","True","True","admin_import_template_organizacion","D:\planificacion\rustsistema\backendrust\src\handlers\admin.rs","exact","admin-middleware","False","admin","False","declared_untracked"
"admin/import.controller.ts","POST","/admin/import/empleados","False","True","True","admin_import_empleados","D:\planificacion\rustsistema\backendrust\src\handlers\admin.rs","exact","admin-middleware","False","admin","False","declared_untracked"
"admin/import.controller.ts","POST","/admin/import/organizacion","False","True","True","admin_import_organizacion","D:\planificacion\rustsistema\backendrust\src\handlers\admin.rs","exact","admin-middleware","False","admin","False","declared_untracked"
"admin/import.controller.ts","POST","/admin/import/asignaciones","False","True","True","admin_import_asignaciones","D:\planificacion\rustsistema\backendrust\src\handlers\admin.rs","exact","admin-middleware","False","admin","False","declared_untracked"
"admin/import.controller.ts","GET","/admin/import/stats","False","True","True","admin_import_stats","D:\planificacion\rustsistema\backendrust\src\handlers\admin.rs","exact","admin-middleware","False","admin","False","declared_untracked"
"app.controller.ts","GET","/","True","True","True","api_root","D:\planificacion\rustsistema\backendrust\src\handlers\api.rs","exact","","False","","False","manifest_real"
"auth/auth.controller.ts","POST","/auth/login","True","True","True","auth_login","D:\planificacion\rustsistema\backendrust\src\handlers\auth.rs","exact","json","False","jwt","False","manifest_real"
"auth/auth.controller.ts","POST","/auth/refresh","True","True","True","auth_refresh","D:\planificacion\rustsistema\backendrust\src\handlers\auth.rs","exact","json","False","jwt","False","manifest_real"
"auth/auth.controller.ts","POST","/auth/change-password","True","True","True","auth_change_password","D:\planificacion\rustsistema\backendrust\src\handlers\auth.rs","exact","auth-user, json","False","jwt","False","manifest_real"
"auth/auth.controller.ts","GET","/auth/config","False","True","True","auth_get_config","D:\planificacion\rustsistema\backendrust\src\handlers\auth.rs","exact","auth-user","False","jwt","False","declared_untracked"
"auth/auth.controller.ts","POST","/auth/config","False","True","True","auth_update_config","D:\planificacion\rustsistema\backendrust\src\handlers\auth.rs","exact","auth-user, json","False","jwt","False","declared_untracked"
"campo/recorrido.controller.ts","POST","/campo/recorrido/iniciar","True","True","True","rec_iniciar","D:\planificacion\rustsistema\backendrust\src\handlers\campo.rs","exact","auth-user, json","False","jwt","False","manifest_real"
"campo/recorrido.controller.ts","POST","/campo/recorrido/finalizar","True","True","True","rec_finalizar","D:\planificacion\rustsistema\backendrust\src\handlers\campo.rs","exact","auth-user, json","False","jwt","False","manifest_real"
"campo/recorrido.controller.ts","POST","/campo/recorrido/punto","True","True","True","rec_registrar_punto","D:\planificacion\rustsistema\backendrust\src\handlers\campo.rs","exact","auth-user, json","False","jwt","False","manifest_real"
"campo/recorrido.controller.ts","POST","/campo/recorrido/puntos-batch","True","True","True","rec_registrar_batch","D:\planificacion\rustsistema\backendrust\src\handlers\campo.rs","exact","auth-user, json","False","jwt","False","manifest_real"
"campo/recorrido.controller.ts","GET","/campo/recorrido/activo","True","True","True","rec_get_activo","D:\planificacion\rustsistema\backendrust\src\handlers\campo.rs","exact","auth-user","False","jwt","False","manifest_real"
"campo/recorrido.controller.ts","GET","/campo/recorrido/puntos/:id","True","True","True","rec_get_puntos","D:\planificacion\rustsistema\backendrust\src\handlers\campo.rs","exact","auth-user","False","jwt","False","manifest_real"
"campo/recorrido.controller.ts","GET","/campo/recorrido/historial","True","True","True","rec_get_historial","D:\planificacion\rustsistema\backendrust\src\handlers\campo.rs","exact","auth-user","False","jwt","False","manifest_real"
"campo/recorrido.controller.ts","GET","/campo/recorrido/admin","True","True","True","rec_admin_get","D:\planificacion\rustsistema\backendrust\src\handlers\campo.rs","exact","auth-user","False","jwt","False","manifest_real"
"clarity/avance-mensual.controller.ts","GET","/tareas/:idTarea/avance-mensual","False","True","True","tareas_avance_mensual","D:\planificacion\rustsistema\backendrust\src\handlers\tareas.rs","exact","auth-user","False","jwt","False","declared_untracked"
"clarity/avance-mensual.controller.ts","POST","/tareas/:idTarea/avance-mensual","False","True","True","tareas_save_avance_mensual","D:\planificacion\rustsistema\backendrust\src\handlers\tareas.rs","exact","auth-user, json","False","jwt","False","declared_untracked"
"clarity/clarity.controller.ts","GET","/config","False","True","True","config_get","D:\planificacion\rustsistema\backendrust\src\handlers\clarity_extra.rs","exact","auth-user","False","jwt","False","declared_untracked"
"clarity/clarity.controller.ts","POST","/config","False","True","True","config_post","D:\planificacion\rustsistema\backendrust\src\handlers\clarity_extra.rs","exact","auth-user, json","False","jwt","False","declared_untracked"
"clarity/clarity.controller.ts","POST","/checkins","True","True","True","checkins_upsert","D:\planificacion\rustsistema\backendrust\src\handlers\clarity_extra.rs","exact","auth-user, json","False","jwt","False","manifest_real"
"clarity/clarity.controller.ts","POST","/tareas/rapida","False","False","True","tareas_crear_rapida","D:\planificacion\rustsistema\backendrust\src\handlers\tareas.rs","exact","auth-user, json","False","jwt","False","declared_untracked"
"clarity/clarity.controller.ts","POST","/tasks","False","False","True","tareas_crear_rapida","D:\planificacion\rustsistema\backendrust\src\handlers\tareas.rs","exact","auth-user, json","False","jwt","False","declared_untracked"
"clarity/clarity.controller.ts","POST","/tareas/masiva","True","True","True","tareas_masiva","D:\planificacion\rustsistema\backendrust\src\handlers\tareas.rs","exact","auth-user, json","False","jwt","False","manifest_real"
"clarity/clarity.controller.ts","GET","/tareas/mias","False","False","True","tareas_mias","D:\planificacion\rustsistema\backendrust\src\handlers\tareas.rs","exact","auth-user, query","False","jwt","False","declared_untracked"
"clarity/clarity.controller.ts","GET","/tasks/me","False","False","True","tareas_mias","D:\planificacion\rustsistema\backendrust\src\handlers\tareas.rs","exact","auth-user, query","False","jwt","False","declared_untracked"
"clarity/clarity.controller.ts","GET","/tareas/:id","True","True","True","tareas_get","D:\planificacion\rustsistema\backendrust\src\handlers\tareas.rs","exact","auth-user","False","jwt","False","manifest_real"
"clarity/clarity.controller.ts","PATCH","/tareas/:id","False","False","True","tareas_update","D:\planificacion\rustsistema\backendrust\src\handlers\tareas.rs","exact","auth-user, json","False","jwt","False","declared_untracked"
"clarity/clarity.controller.ts","PATCH","/tasks/:id","False","False","True","tareas_update","D:\planificacion\rustsistema\backendrust\src\handlers\tareas.rs","exact","auth-user, json","False","jwt","False","declared_untracked"
"clarity/clarity.controller.ts","POST","/tareas/:id/revalidar","True","True","True","tareas_revalidar","D:\planificacion\rustsistema\backendrust\src\handlers\tareas.rs","exact","auth-user, json","False","jwt","False","manifest_real"
"clarity/clarity.controller.ts","POST","/tareas/:id/participantes","True","True","True","tareas_participantes","D:\planificacion\rustsistema\backendrust\src\handlers\tareas.rs","exact","auth-user, json","False","jwt","False","manifest_real"
"clarity/clarity.controller.ts","POST","/tareas/:id/recordatorio","True","True","True","tareas_recordatorio","D:\planificacion\rustsistema\backendrust\src\handlers\tareas.rs","exact","auth-user, json","False","jwt","False","manifest_real"
"clarity/clarity.controller.ts","DELETE","/recordatorios/:id","True","True","True","recordatorios_delete","D:\planificacion\rustsistema\backendrust\src\handlers\clarity_extra.rs","exact","auth-user","False","jwt","False","manifest_real"
"clarity/clarity.controller.ts","GET","/recordatorios","True","True","True","recordatorios_list","D:\planificacion\rustsistema\backendrust\src\handlers\clarity_extra.rs","exact","auth-user","False","jwt","False","manifest_real"
"clarity/clarity.controller.ts","GET","/agenda/:targetCarnet","True","True","True","agenda_target","D:\planificacion\rustsistema\backendrust\src\handlers\clarity_extra.rs","exact","auth-user, query","False","jwt","False","manifest_real"
"clarity/clarity.controller.ts","GET","/tareas/historico/:carnet","True","True","True","tareas_historico","D:\planificacion\rustsistema\backendrust\src\handlers\tareas.rs","exact","auth-user, query","False","jwt","False","manifest_real"
"clarity/clarity.controller.ts","DELETE","/tareas/:id","True","True","True","tareas_delete","D:\planificacion\rustsistema\backendrust\src\handlers\tareas.rs","exact","auth-user","False","jwt","False","manifest_real"
"clarity/clarity.controller.ts","POST","/tareas/:id/descartar","True","True","True","tareas_descartar","D:\planificacion\rustsistema\backendrust\src\handlers\tareas.rs","exact","auth-user, json","False","jwt","False","manifest_real"
"clarity/clarity.controller.ts","POST","/tareas/:id/mover","True","True","True","tareas_mover","D:\planificacion\rustsistema\backendrust\src\handlers\tareas.rs","exact","auth-user, json","False","jwt","False","manifest_real"
"clarity/clarity.controller.ts","POST","/tareas/:id/avance","True","True","True","tareas_avance","D:\planificacion\rustsistema\backendrust\src\handlers\tareas.rs","exact","auth-user, json","False","jwt","False","manifest_real"
"clarity/clarity.controller.ts","DELETE","/tareas/avance/:id","True","True","True","tareas_delete_avance","D:\planificacion\rustsistema\backendrust\src\handlers\tareas.rs","exact","auth-user","False","jwt","False","manifest_real"
"clarity/clarity.controller.ts","GET","/planning/workload","True","True","True","planning_workload","D:\planificacion\rustsistema\backendrust\src\handlers\planning.rs","exact","auth-user, query","False","jwt","False","manifest_real"
"clarity/clarity.controller.ts","GET","/audit-logs/task/:idTarea","True","True","True","audit_logs_task","D:\planificacion\rustsistema\backendrust\src\handlers\clarity_extra.rs","exact","auth-user","False","jwt","False","manifest_real"
"clarity/clarity.controller.ts","POST","/tareas/solicitud-cambio","True","True","True","tareas_solicitud_cambio","D:\planificacion\rustsistema\backendrust\src\handlers\tareas.rs","exact","auth-user, json","False","jwt","False","manifest_real"
"clarity/clarity.controller.ts","POST","/bloqueos","True","True","True","bloqueos_create","D:\planificacion\rustsistema\backendrust\src\handlers\clarity_extra.rs","exact","auth-user, json","False","jwt","False","manifest_real"
"clarity/clarity.controller.ts","PATCH","/bloqueos/:id/resolver","True","True","True","bloqueos_resolver","D:\planificacion\rustsistema\backendrust\src\handlers\clarity_extra.rs","exact","auth-user, json","False","jwt","False","manifest_real"
"clarity/clarity.controller.ts","GET","/tareas/solicitud-cambio/pendientes","False","True","True","tareas_solicitud_cambio_pendientes","D:\planificacion\rustsistema\backendrust\src\handlers\tareas.rs","exact","auth-user","False","jwt","False","declared_untracked"
"clarity/clarity.controller.ts","POST","/tareas/solicitud-cambio/:id/resolver","False","True","True","tareas_solicitud_cambio_resolver","D:\planificacion\rustsistema\backendrust\src\handlers\tareas.rs","exact","auth-user, json","False","jwt","False","declared_untracked"
"clarity/clarity.controller.ts","POST","/asignaciones","True","True","True","asignaciones_create","D:\planificacion\rustsistema\backendrust\src\handlers\tareas.rs","exact","auth-user, json","False","jwt","False","manifest_real"
"clarity/equipo.controller.ts","GET","/equipo/hoy","True","True","True","equipo_hoy","D:\planificacion\rustsistema\backendrust\src\handlers\equipo.rs","exact","auth-user, query","False","jwt","False","manifest_real"
"clarity/equipo.controller.ts","GET","/equipo/bloqueos","True","True","True","equipo_bloqueos","D:\planificacion\rustsistema\backendrust\src\handlers\equipo.rs","exact","auth-user, query","False","jwt","False","manifest_real"
"clarity/equipo.controller.ts","GET","/equipo/inform","True","True","True","equipo_inform","D:\planificacion\rustsistema\backendrust\src\handlers\equipo.rs","exact","auth-user, query","False","jwt","False","manifest_real"
"clarity/equipo.controller.ts","GET","/equipo/backlog","True","True","True","equipo_backlog","D:\planificacion\rustsistema\backendrust\src\handlers\equipo.rs","exact","auth-user","False","jwt","False","manifest_real"
"clarity/equipo.controller.ts","GET","/equipo/miembro/:idUsuario","True","True","True","equipo_miembro","D:\planificacion\rustsistema\backendrust\src\handlers\equipo.rs","exact","auth-user","False","jwt","False","manifest_real"
"clarity/equipo.controller.ts","GET","/equipo/miembro/:idUsuario/tareas","False","True","True","equipo_miembro_tareas","D:\planificacion\rustsistema\backendrust\src\handlers\equipo.rs","exact","auth-user","False","jwt","False","declared_untracked"
"clarity/equipo.controller.ts","GET","/equipo/miembro/:idUsuario/bloqueos","False","True","True","equipo_miembro_bloqueos","D:\planificacion\rustsistema\backendrust\src\handlers\equipo.rs","exact","auth-user","False","jwt","False","declared_untracked"
"clarity/equipo.controller.ts","GET","/equipo/actividad","True","True","True","equipo_actividad","D:\planificacion\rustsistema\backendrust\src\handlers\equipo.rs","exact","auth-user, query","False","jwt","False","manifest_real"
"clarity/equipo.controller.ts","GET","/equipo/actividad/:id","True","True","True","equipo_actividad_detail","D:\planificacion\rustsistema\backendrust\src\handlers\equipo.rs","exact","auth-user","False","jwt","False","manifest_real"
"clarity/foco.controller.ts","GET","/foco","False","True","True","foco_list","D:\planificacion\rustsistema\backendrust\src\handlers\clarity_extra.rs","exact","auth-user, query","False","jwt","False","declared_untracked"
"clarity/foco.controller.ts","POST","/foco","False","True","True","foco_create","D:\planificacion\rustsistema\backendrust\src\handlers\clarity_extra.rs","exact","auth-user, json","False","jwt","False","declared_untracked"
"clarity/foco.controller.ts","PATCH","/foco/:id","False","True","True","foco_update","D:\planificacion\rustsistema\backendrust\src\handlers\clarity_extra.rs","exact","auth-user, json, query","False","jwt","False","declared_untracked"
"clarity/foco.controller.ts","DELETE","/foco/:id","False","True","True","foco_delete","D:\planificacion\rustsistema\backendrust\src\handlers\clarity_extra.rs","exact","auth-user","False","jwt","False","declared_untracked"
"clarity/foco.controller.ts","POST","/foco/reordenar","True","True","True","foco_reordenar","D:\planificacion\rustsistema\backendrust\src\handlers\clarity_extra.rs","exact","auth-user, json","False","jwt","False","manifest_real"
"clarity/foco.controller.ts","GET","/foco/estadisticas","True","True","True","foco_estadisticas","D:\planificacion\rustsistema\backendrust\src\handlers\clarity_extra.rs","exact","auth-user, query","False","jwt","False","manifest_real"
"clarity/kpis.controller.ts","GET","/kpis/dashboard","True","True","True","kpis_dashboard","D:\planificacion\rustsistema\backendrust\src\handlers\clarity_extra.rs","exact","auth-user","False","jwt","False","manifest_real"
"clarity/notas.controller.ts","GET","/notas","False","True","True","notas_list","D:\planificacion\rustsistema\backendrust\src\handlers\notas.rs","exact","auth-user, query","False","jwt","False","declared_untracked"
"clarity/notas.controller.ts","POST","/notas","False","True","True","notas_create","D:\planificacion\rustsistema\backendrust\src\handlers\notas.rs","exact","auth-user, json","False","jwt","False","declared_untracked"
"clarity/notas.controller.ts","POST","/notes","True","True","True","notas_create","D:\planificacion\rustsistema\backendrust\src\handlers\notas.rs","exact","auth-user, json","False","jwt","False","manifest_real"
"clarity/notas.controller.ts","PATCH","/notas/:id","False","True","True","notas_update","D:\planificacion\rustsistema\backendrust\src\handlers\notas.rs","exact","auth-user, json","False","jwt","False","declared_untracked"
"clarity/notas.controller.ts","PATCH","/notes/:id","False","True","True","notas_update","D:\planificacion\rustsistema\backendrust\src\handlers\notas.rs","exact","auth-user, json","False","jwt","False","declared_untracked"
"clarity/notas.controller.ts","PUT","/notes/:id","False","True","True","notas_update","D:\planificacion\rustsistema\backendrust\src\handlers\notas.rs","exact","auth-user, json","False","jwt","False","declared_untracked"
"clarity/notas.controller.ts","DELETE","/notas/:id","False","True","True","notas_delete","D:\planificacion\rustsistema\backendrust\src\handlers\notas.rs","exact","auth-user","False","jwt","False","declared_untracked"
"clarity/organizacion.controller.ts","GET","/organizacion/catalogo","True","True","True","organizacion_catalogo","D:\planificacion\rustsistema\backendrust\src\handlers\clarity_extra.rs","exact","auth-user","False","jwt","False","manifest_real"
"clarity/organizacion.controller.ts","GET","/organizacion/estructura-usuarios","False","True","True","organizacion_estructura_usuarios","D:\planificacion\rustsistema\backendrust\src\handlers\clarity_extra.rs","exact","auth-user","False","jwt","False","declared_untracked"
"clarity/proyectos.controller.ts","GET","/proyectos/roles-colaboracion","False","True","True","proyectos_roles_colaboracion","D:\planificacion\rustsistema\backendrust\src\handlers\proyectos.rs","exact","auth-user","False","jwt","False","declared_untracked"
"clarity/proyectos.controller.ts","GET","/proyectos","True","True","True","proyectos_list","D:\planificacion\rustsistema\backendrust\src\handlers\proyectos.rs","exact","auth-user, query","False","jwt","False","manifest_real"
"clarity/proyectos.controller.ts","POST","/proyectos","True","True","True","proyectos_create","D:\planificacion\rustsistema\backendrust\src\handlers\proyectos.rs","exact","auth-user, json","False","jwt","False","manifest_real"
"clarity/proyectos.controller.ts","POST","/proyectos/:id/clonar","True","True","True","proyectos_clone","D:\planificacion\rustsistema\backendrust\src\handlers\proyectos.rs","exact","auth-user, json","False","jwt","False","manifest_real"
"clarity/proyectos.controller.ts","GET","/proyectos/:id","False","True","True","proyectos_get","D:\planificacion\rustsistema\backendrust\src\handlers\proyectos.rs","exact","auth-user","False","jwt","False","declared_untracked"
"clarity/proyectos.controller.ts","PATCH","/proyectos/:id","False","True","True","proyectos_update","D:\planificacion\rustsistema\backendrust\src\handlers\proyectos.rs","exact","auth-user, json","False","jwt","False","declared_untracked"
"clarity/proyectos.controller.ts","DELETE","/proyectos/:id","False","True","True","proyectos_delete","D:\planificacion\rustsistema\backendrust\src\handlers\proyectos.rs","exact","auth-user","False","jwt","False","declared_untracked"
"clarity/proyectos.controller.ts","GET","/proyectos/:id/tareas","True","True","True","proyectos_tareas","D:\planificacion\rustsistema\backendrust\src\handlers\proyectos.rs","exact","auth-user","False","jwt","False","manifest_real"
"clarity/proyectos.controller.ts","GET","/proyectos/:id/historial","True","True","True","proyectos_historial","D:\planificacion\rustsistema\backendrust\src\handlers\proyectos.rs","exact","auth-user","False","jwt","False","manifest_real"
"clarity/proyectos.controller.ts","GET","/proyectos/:id/colaboradores","False","True","True","proyectos_colaboradores","D:\planificacion\rustsistema\backendrust\src\handlers\proyectos.rs","exact","auth-user","False","jwt","False","declared_untracked"
"clarity/proyectos.controller.ts","POST","/proyectos/:id/colaboradores","False","True","True","proyectos_add_colaborador","D:\planificacion\rustsistema\backendrust\src\handlers\proyectos.rs","exact","auth-user, json","False","jwt","False","declared_untracked"
"clarity/proyectos.controller.ts","PATCH","/proyectos/:id/colaboradores/:idUsuario","False","True","True","proyectos_update_colaborador","D:\planificacion\rustsistema\backendrust\src\handlers\proyectos.rs","exact","auth-user, json","False","jwt","False","declared_untracked"
"clarity/proyectos.controller.ts","DELETE","/proyectos/:id/colaboradores/:idUsuario","False","True","True","proyectos_remove_colaborador","D:\planificacion\rustsistema\backendrust\src\handlers\proyectos.rs","exact","auth-user","False","jwt","False","declared_untracked"
"clarity/proyectos.controller.ts","GET","/proyectos/:id/mis-permisos","True","True","True","proyectos_mis_permisos","D:\planificacion\rustsistema\backendrust\src\handlers\proyectos.rs","exact","auth-user","False","jwt","False","manifest_real"
"clarity/recurrencia.controller.ts","POST","/tareas/:id/recurrencia","False","True","True","tareas_set_recurrencia","D:\planificacion\rustsistema\backendrust\src\handlers\tareas.rs","exact","auth-user, json","False","jwt","False","declared_untracked"
"clarity/recurrencia.controller.ts","GET","/tareas/:id/recurrencia","False","True","True","tareas_get_recurrencia","D:\planificacion\rustsistema\backendrust\src\handlers\tareas.rs","exact","auth-user","False","jwt","False","declared_untracked"
"clarity/recurrencia.controller.ts","POST","/tareas/:id/instancia","True","True","True","tareas_crear_instancia","D:\planificacion\rustsistema\backendrust\src\handlers\tareas.rs","exact","auth-user","False","jwt","False","manifest_real"
"clarity/recurrencia.controller.ts","GET","/tareas/:id/instancias","True","True","True","tareas_list_instancias","D:\planificacion\rustsistema\backendrust\src\handlers\tareas.rs","exact","auth-user","False","jwt","False","manifest_real"
"clarity/recurrencia.controller.ts","GET","/agenda-recurrente","True","True","True","agenda_recurrente","D:\planificacion\rustsistema\backendrust\src\handlers\clarity_extra.rs","exact","auth-user, query","False","jwt","False","manifest_real"
"clarity/reportes.controller.ts","GET","/reportes/productividad","True","True","True","reportes_productividad","D:\planificacion\rustsistema\backendrust\src\handlers\clarity_extra.rs","exact","auth-user","False","jwt","False","manifest_real"
"clarity/reportes.controller.ts","GET","/reportes/bloqueos-trend","True","True","True","reportes_bloqueos_trend","D:\planificacion\rustsistema\backendrust\src\handlers\clarity_extra.rs","exact","auth-user","False","jwt","False","manifest_real"
"clarity/reportes.controller.ts","GET","/reportes/equipo-performance","True","True","True","reportes_equipo_performance","D:\planificacion\rustsistema\backendrust\src\handlers\clarity_extra.rs","exact","auth-user","False","jwt","False","manifest_real"
"clarity/reportes.controller.ts","GET","/gerencia/resumen","True","True","True","gerencia_resumen","D:\planificacion\rustsistema\backendrust\src\handlers\clarity_extra.rs","exact","auth-user","False","jwt","False","manifest_real"
"clarity/reportes.controller.ts","GET","/reports/agenda-compliance","True","True","True","reports_agenda_compliance","D:\planificacion\rustsistema\backendrust\src\handlers\clarity_extra.rs","exact","auth-user, query","False","jwt","False","manifest_real"
"clarity/reportes.controller.ts","GET","/reportes/exportar","True","True","True","reportes_exportar","D:\planificacion\rustsistema\backendrust\src\handlers\clarity_extra.rs","exact","auth-user","False","jwt","False","manifest_real"
"clarity/seed.controller.ts","POST","/seed","True","True","True","api_seed","D:\planificacion\rustsistema\backendrust\src\handlers\api.rs","exact","","False","","False","manifest_real"
"common/notification.controller.ts","POST","/notifications/device-token","True","True","True","notificacion_registrar_token","D:\planificacion\rustsistema\backendrust\src\handlers\notificacion.rs","exact","auth-user, json","False","jwt","False","manifest_real"
"common/notification.controller.ts","GET","/notifications/test-push","True","True","True","notificacion_test_push","D:\planificacion\rustsistema\backendrust\src\handlers\notificacion.rs","exact","auth-user","False","jwt","False","manifest_real"
"common/notification.controller.ts","GET","/notifications/test-email","True","True","True","notificacion_test_email","D:\planificacion\rustsistema\backendrust\src\handlers\notificacion.rs","exact","auth-user","False","jwt","False","manifest_real"
"common/notification.controller.ts","GET","/notifications/test-email-public","False","True","True","notificacion_test_email_public","D:\planificacion\rustsistema\backendrust\src\handlers\notificacion.rs","exact","","False","","False","declared_untracked"
"common/notification.controller.ts","GET","/notifications/status","True","True","True","notificacion_status","D:\planificacion\rustsistema\backendrust\src\handlers\notificacion.rs","exact","auth-user","False","jwt","False","manifest_real"
"common/notification.controller.ts","GET","/notifications/test-overdue-redesign","False","True","True","notificacion_test_overdue","D:\planificacion\rustsistema\backendrust\src\handlers\notificacion.rs","exact","","False","","False","declared_untracked"
"diagnostico/diagnostico.controller.ts","GET","/diagnostico/ping","True","True","True","diagnostico_ping","D:\planificacion\rustsistema\backendrust\src\handlers\diagnostico.rs","exact","auth-user","False","jwt","False","manifest_real"
"diagnostico/diagnostico.controller.ts","GET","/diagnostico/stats","True","True","True","diagnostico_stats","D:\planificacion\rustsistema\backendrust\src\handlers\diagnostico.rs","exact","auth-user","False","jwt","False","manifest_real"
"diagnostico/diagnostico.controller.ts","GET","/diagnostico/contexto","True","True","True","diagnostico_contexto","D:\planificacion\rustsistema\backendrust\src\handlers\diagnostico.rs","exact","auth-user","False","jwt","False","manifest_real"
"diagnostico/diagnostico.controller.ts","GET","/diagnostico/test-tarea","True","True","True","diagnostico_test_tarea","D:\planificacion\rustsistema\backendrust\src\handlers\diagnostico.rs","exact","auth-user","False","jwt","False","manifest_real"
"diagnostico/diagnostico.controller.ts","GET","/diagnostico/test-idcreador","False","True","True","diagnostico_test_id_creador","D:\planificacion\rustsistema\backendrust\src\handlers\diagnostico.rs","exact","auth-user","False","jwt","False","declared_untracked"
"jornada/jornada.controller.ts","GET","/jornada/resolver/:carnet","True","True","True","jornada_resolver","D:\planificacion\rustsistema\backendrust\src\handlers\jornada.rs","exact","auth-user","False","jwt","False","manifest_real"
"jornada/jornada.controller.ts","GET","/jornada/semana/:carnet","True","True","True","jornada_semana","D:\planificacion\rustsistema\backendrust\src\handlers\jornada.rs","exact","auth-user","False","jwt","False","manifest_real"
"jornada/jornada.controller.ts","GET","/jornada/horarios","False","True","True","jornada_horarios","D:\planificacion\rustsistema\backendrust\src\handlers\jornada.rs","exact","auth-user","False","jwt","False","declared_untracked"
"jornada/jornada.controller.ts","POST","/jornada/horarios","False","True","True","jornada_crear_horario","D:\planificacion\rustsistema\backendrust\src\handlers\jornada.rs","exact","auth-user, json","False","jwt","False","declared_untracked"
"jornada/jornada.controller.ts","PUT","/jornada/horarios/:id","False","True","True","jornada_actualizar_horario","D:\planificacion\rustsistema\backendrust\src\handlers\jornada.rs","exact","auth-user, json","False","jwt","False","declared_untracked"
"jornada/jornada.controller.ts","DELETE","/jornada/horarios/:id","False","True","True","jornada_eliminar_horario","D:\planificacion\rustsistema\backendrust\src\handlers\jornada.rs","exact","auth-user","False","jwt","False","declared_untracked"
"jornada/jornada.controller.ts","GET","/jornada/patrones","False","True","True","jornada_patrones","D:\planificacion\rustsistema\backendrust\src\handlers\jornada.rs","exact","auth-user","False","jwt","False","declared_untracked"
"jornada/jornada.controller.ts","POST","/jornada/patrones","False","True","True","jornada_crear_patron","D:\planificacion\rustsistema\backendrust\src\handlers\jornada.rs","exact","auth-user, json","False","jwt","False","declared_untracked"
"jornada/jornada.controller.ts","GET","/jornada/asignaciones","False","True","True","jornada_asignaciones","D:\planificacion\rustsistema\backendrust\src\handlers\jornada.rs","exact","auth-user","False","jwt","False","declared_untracked"
"jornada/jornada.controller.ts","POST","/jornada/asignaciones","False","True","True","jornada_crear_asignacion","D:\planificacion\rustsistema\backendrust\src\handlers\jornada.rs","exact","auth-user, json","False","jwt","False","declared_untracked"
"jornada/jornada.controller.ts","DELETE","/jornada/asignaciones/:id","True","True","True","jornada_eliminar_asignacion","D:\planificacion\rustsistema\backendrust\src\handlers\jornada.rs","exact","auth-user","False","jwt","False","manifest_real"
"marcaje/marcaje.controller.ts","POST","/marcaje/mark","True","True","True","marcaje_mark","D:\planificacion\rustsistema\backendrust\src\handlers\marcaje.rs","exact","json","False","feature-flag, jwt","False","manifest_real"
"marcaje/marcaje.controller.ts","GET","/marcaje/summary","True","True","True","marcaje_summary","D:\planificacion\rustsistema\backendrust\src\handlers\marcaje.rs","exact","auth-user, query","False","feature-flag, jwt","False","manifest_real"
"marcaje/marcaje.controller.ts","POST","/marcaje/undo-last-checkout","False","False","True","marcaje_undo_last","D:\planificacion\rustsistema\backendrust\src\handlers\marcaje.rs","exact","auth-user","False","feature-flag, jwt","False","declared_untracked"
"marcaje/marcaje.controller.ts","POST","/marcaje/undo-last","False","False","True","marcaje_undo_last","D:\planificacion\rustsistema\backendrust\src\handlers\marcaje.rs","exact","auth-user","False","feature-flag, jwt","False","declared_untracked"
"marcaje/marcaje.controller.ts","POST","/marcaje/request-correction","False","False","True","marcaje_request_correction","D:\planificacion\rustsistema\backendrust\src\handlers\marcaje.rs","exact","auth-user, json","False","feature-flag, jwt","False","declared_untracked"
"marcaje/marcaje.controller.ts","POST","/marcaje/correccion","False","False","True","marcaje_request_correction","D:\planificacion\rustsistema\backendrust\src\handlers\marcaje.rs","exact","auth-user, json","False","feature-flag, jwt","False","declared_untracked"
"marcaje/marcaje.controller.ts","POST","/marcaje/gps-track","True","True","True","marcaje_gps_track","D:\planificacion\rustsistema\backendrust\src\handlers\marcaje.rs","exact","auth-user, json","False","feature-flag, jwt","False","manifest_real"
"marcaje/marcaje.controller.ts","POST","/marcaje/gps-track-batch","True","True","True","marcaje_gps_track_batch","D:\planificacion\rustsistema\backendrust\src\handlers\marcaje.rs","exact","auth-user, json","False","feature-flag, jwt","False","manifest_real"
"marcaje/marcaje.controller.ts","GET","/marcaje/admin/solicitudes","True","True","True","marcaje_admin_solicitudes","D:\planificacion\rustsistema\backendrust\src\handlers\marcaje.rs","exact","auth-user","False","feature-flag, jwt","False","manifest_real"
"marcaje/marcaje.controller.ts","GET","/marcaje/admin/sites","False","True","True","marcaje_admin_sites","D:\planificacion\rustsistema\backendrust\src\handlers\marcaje.rs","exact","auth-user","False","feature-flag, jwt","False","declared_untracked"
"marcaje/marcaje.controller.ts","GET","/marcaje/admin/ips","False","True","True","marcaje_admin_ips","D:\planificacion\rustsistema\backendrust\src\handlers\marcaje.rs","exact","auth-user","False","feature-flag, jwt","False","declared_untracked"
"marcaje/marcaje.controller.ts","GET","/marcaje/admin/devices","True","True","True","marcaje_admin_devices","D:\planificacion\rustsistema\backendrust\src\handlers\marcaje.rs","exact","auth-user","False","feature-flag, jwt","False","manifest_real"
"marcaje/marcaje.controller.ts","GET","/marcaje/admin/config","True","True","True","marcaje_admin_config","D:\planificacion\rustsistema\backendrust\src\handlers\marcaje.rs","exact","auth-user","False","feature-flag, jwt","False","manifest_real"
"marcaje/marcaje.controller.ts","GET","/marcaje/admin/monitor","True","True","True","marcaje_admin_monitor","D:\planificacion\rustsistema\backendrust\src\handlers\marcaje.rs","exact","auth-user, query","False","feature-flag, jwt","False","manifest_real"
"marcaje/marcaje.controller.ts","GET","/marcaje/admin/dashboard","True","True","True","marcaje_admin_dashboard","D:\planificacion\rustsistema\backendrust\src\handlers\marcaje.rs","exact","auth-user, query","False","feature-flag, jwt","False","manifest_real"
"marcaje/marcaje.controller.ts","PUT","/marcaje/admin/solicitudes/:id/resolver","False","True","True","marcaje_admin_resolver_solicitud","D:\planificacion\rustsistema\backendrust\src\handlers\marcaje.rs","exact","auth-user, json","False","feature-flag, jwt","False","declared_untracked"
"marcaje/marcaje.controller.ts","DELETE","/marcaje/admin/asistencia/:id","False","True","True","marcaje_admin_delete_asistencia","D:\planificacion\rustsistema\backendrust\src\handlers\marcaje.rs","exact","auth-user, json","False","feature-flag, jwt","False","declared_untracked"
"marcaje/marcaje.controller.ts","POST","/marcaje/admin/reiniciar/:carnet","False","True","True","marcaje_admin_reiniciar","D:\planificacion\rustsistema\backendrust\src\handlers\marcaje.rs","exact","auth-user, json","False","feature-flag, jwt","False","declared_untracked"
"marcaje/marcaje.controller.ts","GET","/marcaje/admin/reportes","True","True","True","marcaje_admin_reportes","D:\planificacion\rustsistema\backendrust\src\handlers\marcaje.rs","exact","auth-user, query","False","feature-flag, jwt","False","manifest_real"
"marcaje/marcaje.controller.ts","POST","/marcaje/admin/sites","False","True","True","marcaje_admin_create_site","D:\planificacion\rustsistema\backendrust\src\handlers\marcaje.rs","exact","auth-user, json","False","feature-flag, jwt","False","declared_untracked"
"marcaje/marcaje.controller.ts","PUT","/marcaje/admin/sites/:id","False","True","True","marcaje_admin_update_site","D:\planificacion\rustsistema\backendrust\src\handlers\marcaje.rs","exact","auth-user, json","False","feature-flag, jwt","False","declared_untracked"
"marcaje/marcaje.controller.ts","DELETE","/marcaje/admin/sites/:id","False","True","True","marcaje_admin_delete_site","D:\planificacion\rustsistema\backendrust\src\handlers\marcaje.rs","exact","auth-user","False","feature-flag, jwt","False","declared_untracked"
"marcaje/marcaje.controller.ts","POST","/marcaje/admin/ips","False","True","True","marcaje_admin_create_ip","D:\planificacion\rustsistema\backendrust\src\handlers\marcaje.rs","exact","auth-user, json","False","feature-flag, jwt","False","declared_untracked"
"marcaje/marcaje.controller.ts","DELETE","/marcaje/admin/ips/:id","True","True","True","marcaje_admin_delete_ip","D:\planificacion\rustsistema\backendrust\src\handlers\marcaje.rs","exact","auth-user","False","feature-flag, jwt","False","manifest_real"
"marcaje/marcaje.controller.ts","PUT","/marcaje/admin/devices/:uuid","False","True","True","marcaje_admin_update_device","D:\planificacion\rustsistema\backendrust\src\handlers\marcaje.rs","exact","auth-user, json","False","feature-flag, jwt","False","declared_untracked"
"marcaje/marcaje.controller.ts","POST","/marcaje/geocerca/validar","True","True","True","marcaje_geocerca_validar","D:\planificacion\rustsistema\backendrust\src\handlers\marcaje.rs","exact","auth-user, json","False","feature-flag, jwt","False","manifest_real"
"marcaje/marcaje.controller.ts","GET","/marcaje/admin/geocercas/:carnet","False","True","True","marcaje_admin_geocercas","D:\planificacion\rustsistema\backendrust\src\handlers\marcaje.rs","normalized","auth-user","False","feature-flag, jwt","False","declared_untracked"
"marcaje/marcaje.controller.ts","POST","/marcaje/admin/geocercas","False","True","True","marcaje_admin_create_geocerca","D:\planificacion\rustsistema\backendrust\src\handlers\marcaje.rs","exact","auth-user, json","False","feature-flag, jwt","False","declared_untracked"
"marcaje/marcaje.controller.ts","DELETE","/marcaje/admin/geocercas/:id","False","True","True","marcaje_admin_delete_geocerca","D:\planificacion\rustsistema\backendrust\src\handlers\marcaje.rs","normalized","auth-user","False","feature-flag, jwt","False","declared_untracked"
"planning/controllers/agenda.controller.ts","GET","/mi-dia","True","True","True","planning_mi_dia","D:\planificacion\rustsistema\backendrust\src\handlers\planning.rs","exact","auth-user, query","False","jwt","False","manifest_real"
"planning/controllers/agenda.controller.ts","POST","/mi-dia/checkin","True","True","True","checkins_upsert","D:\planificacion\rustsistema\backendrust\src\handlers\clarity_extra.rs","exact","auth-user, json","False","jwt","False","manifest_real"
"planning/planning.controller.ts","POST","/planning/check-permission","False","True","True","planning_check_permission","D:\planificacion\rustsistema\backendrust\src\handlers\planning.rs","exact","auth-user, json","False","jwt","False","declared_untracked"
"planning/planning.controller.ts","POST","/planning/request-change","True","True","True","planning_request_change","D:\planificacion\rustsistema\backendrust\src\handlers\planning.rs","exact","auth-user, json","False","jwt","False","manifest_real"
"planning/planning.controller.ts","GET","/planning/pending","True","True","True","planning_pending","D:\planificacion\rustsistema\backendrust\src\handlers\planning.rs","exact","auth-user","False","jwt","False","manifest_real"
"planning/planning.controller.ts","GET","/planning/approvals","True","True","True","planning_approvals","D:\planificacion\rustsistema\backendrust\src\handlers\planning.rs","exact","auth-user","False","jwt","False","manifest_real"
"planning/planning.controller.ts","POST","/planning/resolve","True","True","True","planning_resolve","D:\planificacion\rustsistema\backendrust\src\handlers\planning.rs","exact","auth-user, json","False","jwt","False","manifest_real"
"planning/planning.controller.ts","POST","/planning/approvals/:idSolicitud/resolve","False","True","True","planning_approval_resolve","D:\planificacion\rustsistema\backendrust\src\handlers\planning.rs","exact","auth-user, json","False","jwt","False","declared_untracked"
"planning/planning.controller.ts","POST","/planning/update-operative","False","True","True","planning_update_operative","D:\planificacion\rustsistema\backendrust\src\handlers\planning.rs","exact","auth-user, json","False","jwt","False","declared_untracked"
"planning/planning.controller.ts","GET","/planning/plans","False","True","True","planning_plans","D:\planificacion\rustsistema\backendrust\src\handlers\planning.rs","exact","auth-user, query","False","jwt","False","declared_untracked"
"planning/planning.controller.ts","POST","/planning/plans","False","True","True","planning_create_plan","D:\planificacion\rustsistema\backendrust\src\handlers\planning.rs","exact","auth-user, json","False","jwt","False","declared_untracked"
"planning/planning.controller.ts","GET","/planning/stats","True","True","True","planning_stats","D:\planificacion\rustsistema\backendrust\src\handlers\planning.rs","exact","auth-user","False","jwt","False","manifest_real"
"planning/planning.controller.ts","GET","/planning/stats/compliance","True","True","True","planning_stats_compliance","D:\planificacion\rustsistema\backendrust\src\handlers\planning.rs","exact","auth-user, query","False","jwt","False","manifest_real"
"planning/planning.controller.ts","GET","/planning/stats/performance","False","True","True","planning_stats_performance","D:\planificacion\rustsistema\backendrust\src\handlers\planning.rs","exact","auth-user, query","False","jwt","False","declared_untracked"
"planning/planning.controller.ts","GET","/planning/stats/bottlenecks","False","True","True","planning_stats_bottlenecks","D:\planificacion\rustsistema\backendrust\src\handlers\planning.rs","exact","auth-user","False","jwt","False","declared_untracked"
"planning/planning.controller.ts","GET","/planning/team","True","True","True","planning_team","D:\planificacion\rustsistema\backendrust\src\handlers\planning.rs","exact","auth-user, query","False","jwt","False","manifest_real"
"planning/planning.controller.ts","GET","/planning/my-projects","True","True","True","planning_my_projects","D:\planificacion\rustsistema\backendrust\src\handlers\planning.rs","exact","auth-user, query","False","jwt","False","manifest_real"
"planning/planning.controller.ts","POST","/planning/tasks/:id/clone","True","True","True","planning_clone_task","D:\planificacion\rustsistema\backendrust\src\handlers\planning.rs","exact","auth-user","False","jwt","False","manifest_real"
"planning/planning.controller.ts","POST","/planning/reassign","True","True","True","planning_reassign","D:\planificacion\rustsistema\backendrust\src\handlers\planning.rs","exact","auth-user, json","False","jwt","False","manifest_real"
"planning/planning.controller.ts","GET","/planning/tasks/:id/history","True","True","True","planning_task_history","D:\planificacion\rustsistema\backendrust\src\handlers\planning.rs","exact","auth-user","False","jwt","False","manifest_real"
"planning/planning.controller.ts","POST","/planning/plans/:id/close","True","True","True","planning_close_plan","D:\planificacion\rustsistema\backendrust\src\handlers\planning.rs","exact","auth-user","False","jwt","False","manifest_real"
"planning/planning.controller.ts","POST","/planning/tasks/:id/avance-mensual","False","True","True","planning_task_save_avance_mensual","D:\planificacion\rustsistema\backendrust\src\handlers\planning.rs","exact","auth-user, json","False","jwt","False","declared_untracked"
"planning/planning.controller.ts","GET","/planning/tasks/:id/avance-mensual","False","True","True","planning_task_avance_mensual","D:\planificacion\rustsistema\backendrust\src\handlers\planning.rs","exact","auth-user","False","jwt","False","declared_untracked"
"planning/planning.controller.ts","POST","/planning/tasks/:id/crear-grupo","False","True","True","planning_task_crear_grupo","D:\planificacion\rustsistema\backendrust\src\handlers\planning.rs","exact","auth-user","False","jwt","False","declared_untracked"
"planning/planning.controller.ts","POST","/planning/tasks/:id/agregar-fase","False","True","True","planning_task_agregar_fase","D:\planificacion\rustsistema\backendrust\src\handlers\planning.rs","exact","auth-user, json","False","jwt","False","declared_untracked"
"planning/planning.controller.ts","GET","/planning/grupos/:idGrupo","True","True","True","planning_grupo_detail","D:\planificacion\rustsistema\backendrust\src\handlers\planning.rs","exact","auth-user","False","jwt","False","manifest_real"
"planning/planning.controller.ts","GET","/planning/dashboard/alerts","True","True","True","planning_dashboard_alerts","D:\planificacion\rustsistema\backendrust\src\handlers\planning.rs","exact","auth-user","False","jwt","False","manifest_real"
"planning/planning.controller.ts","GET","/planning/mi-asignacion","True","True","True","planning_mi_asignacion","D:\planificacion\rustsistema\backendrust\src\handlers\planning.rs","exact","auth-user, query","False","jwt","False","manifest_real"
"planning/planning.controller.ts","GET","/planning/supervision","True","True","True","planning_supervision","D:\planificacion\rustsistema\backendrust\src\handlers\planning.rs","exact","auth-user","False","jwt","False","manifest_real"
"planning/planning.controller.ts","GET","/planning/debug","True","True","True","planning_debug","D:\planificacion\rustsistema\backendrust\src\handlers\planning.rs","exact","auth-user","False","jwt","False","manifest_real"
"software/software.controller.ts","GET","/software/dashboard-stats","True","True","True","software_dashboard_stats","D:\planificacion\rustsistema\backendrust\src\handlers\clarity_extra.rs","exact","auth-user","False","jwt","False","manifest_real"
"visita-cliente/visita-admin.controller.ts","POST","/visita-admin/importar-clientes","False","True","True","visita_admin_importar_clientes","D:\planificacion\rustsistema\backendrust\src\handlers\visita.rs","exact","auth-user, json","False","feature-flag, jwt","False","declared_untracked"
"visita-cliente/visita-admin.controller.ts","POST","/visita-admin/clientes","True","True","True","visita_admin_crear_cliente","D:\planificacion\rustsistema\backendrust\src\handlers\visita.rs","exact","auth-user, json","False","feature-flag, jwt","False","manifest_real"
"visita-cliente/visita-admin.controller.ts","PUT","/visita-admin/clientes/:id","False","True","True","visita_admin_actualizar_cliente","D:\planificacion\rustsistema\backendrust\src\handlers\visita.rs","exact","auth-user, json","False","feature-flag, jwt","False","declared_untracked"
"visita-cliente/visita-admin.controller.ts","DELETE","/visita-admin/clientes/:id","False","True","True","visita_admin_eliminar_cliente","D:\planificacion\rustsistema\backendrust\src\handlers\visita.rs","exact","auth-user","False","feature-flag, jwt","False","declared_untracked"
"visita-cliente/visita-admin.controller.ts","GET","/visita-admin/visitas","True","True","True","visita_admin_visitas","D:\planificacion\rustsistema\backendrust\src\handlers\visita.rs","exact","auth-user, query","False","feature-flag, jwt","False","manifest_real"
"visita-cliente/visita-admin.controller.ts","GET","/visita-admin/dashboard","True","True","True","visita_admin_dashboard","D:\planificacion\rustsistema\backendrust\src\handlers\visita.rs","exact","auth-user","False","feature-flag, jwt","False","manifest_real"
"visita-cliente/visita-admin.controller.ts","GET","/visita-admin/reportes/km","True","True","True","visita_admin_reportes_km","D:\planificacion\rustsistema\backendrust\src\handlers\visita.rs","exact","auth-user, query","False","feature-flag, jwt","False","manifest_real"
"visita-cliente/visita-admin.controller.ts","GET","/visita-admin/tracking/:carnet","True","True","True","visita_admin_tracking_usuario","D:\planificacion\rustsistema\backendrust\src\handlers\visita.rs","exact","auth-user, query","False","feature-flag, jwt","False","manifest_real"
"visita-cliente/visita-admin.controller.ts","GET","/visita-admin/agenda/:carnet","False","True","True","visita_admin_listar_agenda","D:\planificacion\rustsistema\backendrust\src\handlers\visita.rs","normalized","auth-user, query","False","feature-flag, jwt","False","declared_untracked"
"visita-cliente/visita-admin.controller.ts","POST","/visita-admin/agenda","True","True","True","visita_admin_crear_agenda","D:\planificacion\rustsistema\backendrust\src\handlers\visita.rs","exact","auth-user, json","False","feature-flag, jwt","False","manifest_real"
"visita-cliente/visita-admin.controller.ts","PUT","/visita-admin/agenda/:id/reordenar","False","True","True","visita_admin_reordenar_agenda","D:\planificacion\rustsistema\backendrust\src\handlers\visita.rs","exact","auth-user, json","False","feature-flag, jwt","False","declared_untracked"
"visita-cliente/visita-admin.controller.ts","DELETE","/visita-admin/agenda/:id","False","True","True","visita_admin_eliminar_agenda","D:\planificacion\rustsistema\backendrust\src\handlers\visita.rs","normalized","auth-user","False","feature-flag, jwt","False","declared_untracked"
"visita-cliente/visita-admin.controller.ts","GET","/visita-admin/metas","False","True","True","visita_admin_listar_metas","D:\planificacion\rustsistema\backendrust\src\handlers\visita.rs","exact","auth-user, query","False","feature-flag, jwt","False","declared_untracked"
"visita-cliente/visita-admin.controller.ts","POST","/visita-admin/metas","False","True","True","visita_admin_set_meta","D:\planificacion\rustsistema\backendrust\src\handlers\visita.rs","exact","auth-user, json","False","feature-flag, jwt","False","declared_untracked"
"visita-cliente/visita-campo.controller.ts","GET","/visita-campo/agenda","True","True","True","visita_campo_agenda","D:\planificacion\rustsistema\backendrust\src\handlers\visita.rs","exact","auth-user, query","False","feature-flag, jwt","False","manifest_real"
"visita-cliente/visita-campo.controller.ts","GET","/visita-campo/clientes","True","True","True","visita_campo_clientes","D:\planificacion\rustsistema\backendrust\src\handlers\visita.rs","exact","auth-user","False","feature-flag, jwt","False","manifest_real"
"visita-cliente/visita-campo.controller.ts","POST","/visita-campo/checkin","True","True","True","visita_campo_checkin","D:\planificacion\rustsistema\backendrust\src\handlers\visita.rs","exact","auth-user, json","False","feature-flag, jwt","False","manifest_real"
"visita-cliente/visita-campo.controller.ts","POST","/visita-campo/checkout","True","True","True","visita_campo_checkout","D:\planificacion\rustsistema\backendrust\src\handlers\visita.rs","exact","auth-user, json","False","feature-flag, jwt","False","manifest_real"
"visita-cliente/visita-campo.controller.ts","GET","/visita-campo/resumen","True","True","True","visita_campo_resumen","D:\planificacion\rustsistema\backendrust\src\handlers\visita.rs","exact","auth-user, query","False","feature-flag, jwt","False","manifest_real"
"visita-cliente/visita-campo.controller.ts","POST","/visita-campo/tracking-batch","True","True","True","visita_campo_tracking_batch","D:\planificacion\rustsistema\backendrust\src\handlers\visita.rs","exact","auth-user, json","False","feature-flag, jwt","False","manifest_real"
"visita-cliente/visita-campo.controller.ts","GET","/visita-campo/stats/km","True","True","True","visita_campo_stats_km","D:\planificacion\rustsistema\backendrust\src\handlers\visita.rs","exact","auth-user, query","False","feature-flag, jwt","False","manifest_real"
"visita-cliente/visita-campo.controller.ts","GET","/visita-campo/tracking-raw","True","True","True","visita_campo_tracking_raw","D:\planificacion\rustsistema\backendrust\src\handlers\visita.rs","exact","auth-user, query","False","feature-flag, jwt","False","manifest_real"
"visita-cliente/visita-campo.controller.ts","GET","/visita-campo/usuarios-tracking","True","True","True","visita_campo_usuarios_tracking","D:\planificacion\rustsistema\backendrust\src\handlers\visita.rs","exact","auth-user","False","feature-flag, jwt","False","manifest_real"
